lat,long,time,speed
54.13695,13.7301,16206.869444400001,0.0
54.8812,13.43215,16207.847916699999,7.9
54.88879,13.418270000000001,16207.8513889,7.5
54.89369,13.40934,16207.8534722,7.6
54.90355,13.391620000000001,16207.8583333,7.6
54.93181,13.3392,16207.8715278,7.7
54.965830000000004,13.29,16207.8868056,7.6
54.97315,13.28576,16207.888888899999,7.5
54.979859999999995,13.281720000000002,16207.8909722,7.7
54.988969999999995,13.276110000000001,16207.8944444,7.6
54.99494,13.272279999999999,16207.8965278,7.9
55.00201,13.267729999999998,16207.8993056,7.6
55.01505,13.25924,16207.9034722,7.7
55.02378,13.253420000000002,16207.90625,7.7
55.03076,13.24736,16207.9090278,7.6
55.03685,13.24068,16207.9111111,7.7
55.0445,13.23228,16207.9145833,7.7
55.0495,13.2229,16207.916666699999,8.0
55.05399,13.21454,16207.91875,7.7
55.06001,13.20333,16207.9215278,7.9
55.06458000000001,13.194989999999999,16207.923611100001,8.1
55.06896999999999,13.187029999999998,16207.9256944,7.8
55.462740000000004,12.7162,16208.0986111,8.1
55.476119999999995,12.7174,16208.102777799999,7.8
55.487390000000005,12.71989,16208.10625,7.8
55.498580000000004,12.72257,16208.1104167,7.8
55.51565,12.72531,16208.1152778,8.0
55.52895,12.727689999999999,16208.119444400001,8.2
55.53589,12.728710000000001,16208.1215278,8.3
55.55953,12.72735,16208.129166699999,8.0
55.56754,12.72418,16208.13125,8.0
55.58931,12.71514,16208.1381944,8.2
55.61711,12.70772,16208.147222200001,8.5
55.625840000000004,12.704260000000001,16208.1493056,8.3
55.64906,12.69924,16208.15625,8.6
55.658480000000004,12.696439999999999,16208.1590278,8.5
55.66744,12.69474,16208.161805599999,8.4
56.146080000000005,12.5036,16208.318055599999,9.0
56.15031,12.49647,16208.3201389,8.8
56.156819999999996,12.48558,16208.3222222,8.6
56.16863000000001,12.47092,16208.326388899999,8.7
56.17848000000001,12.45957,16208.329861100001,8.6
56.18809,12.44859,16208.333333300001,8.7
56.19679,12.43871,16208.3361111,8.4
56.205059999999996,12.42704,16208.339583300001,8.0
56.21933000000001,12.40634,16208.3451389,7.8
56.225190000000005,12.39805,16208.347916699999,7.2
56.263000000000005,12.34632,16208.3638889,7.9
56.42511,12.17187,16208.4222222,8.2
56.4326,12.16228,16208.425,8.0
56.43949,12.15346,16208.4277778,8.2
56.46638000000001,12.11988,16208.4375,8.2
57.41644,11.45919,16208.7513889,10.0
57.45731,11.43175,16208.763888899999,9.2
57.475930000000005,11.40692,16208.7701389,9.2
57.480109999999996,11.399519999999999,16208.7715278,8.2
57.4902,11.38159,16208.775694400001,9.7
57.49508,11.37352,16208.7777778,7.8
57.792480000000005,10.586039999999999,16208.947916699999,7.1
57.78731,10.55631,16208.9541667,7.1
57.78532,10.54491,16208.95625,7.3
57.78403,10.53777,16208.9576389,7.3
57.7827,10.525830000000001,16208.959722200001,7.3
57.781569999999995,10.51859,16208.9611111,7.5
57.78066999999999,10.5111,16208.9625,7.3
57.779790000000006,10.50351,16208.9638889,7.4
57.778909999999996,10.494660000000001,16208.9659722,7.4
57.778490000000005,10.48034,16208.9680556,7.6
57.77825,10.47127,16208.9701389,7.6
57.77615,10.45612,16208.972916699999,7.5
57.77394,10.442260000000001,16208.975,7.3
57.76823,10.407010000000001,16208.9819444,7.2
57.763059999999996,10.385110000000001,16208.986111100001,7.5
57.76041,10.37348,16208.9881944,7.8
57.59345,9.958609,16209.152083300001,0.0
57.59344,9.958618,16209.166666699999,0.0
57.593680000000006,9.959405,16209.3666667,0.0
57.593669999999996,9.959389,16209.3819444,0.0
57.59365,9.959389,16209.3986111,0.0
57.593709999999994,9.959414,16209.415277799999,0.0
57.59369,9.959415,16212.9395833,0.0
57.5937,9.95942,16212.9534722,0.0
57.593709999999994,9.959436,16212.9680556,0.0
57.59369,9.959430000000001,16212.9833333,0.0
57.593669999999996,9.959432000000001,16213.0006944,0.0
57.59366,9.9594,16213.6298611,0.0
57.593669999999996,9.95941,16213.6451389,0.0
57.59365,9.959383,16213.6597222,0.0
57.593630000000005,9.959372,16215.1104167,0.0
57.59369,9.959373,16215.1263889,0.1
57.59366,9.959392,16215.1409722,0.0
